[{"model": "auth.permission", "pk": 1, "fields": {"name": "Can add log entry", "content_type": 1, "codename": "add_logentry"}}, {"model": "auth.permission", "pk": 2, "fields": {"name": "Can change log entry", "content_type": 1, "codename": "change_logentry"}}, {"model": "auth.permission", "pk": 3, "fields": {"name": "Can delete log entry", "content_type": 1, "codename": "delete_logentry"}}, {"model": "auth.permission", "pk": 4, "fields": {"name": "Can view log entry", "content_type": 1, "codename": "view_logentry"}}, {"model": "auth.permission", "pk": 5, "fields": {"name": "Can add permission", "content_type": 2, "codename": "add_permission"}}, {"model": "auth.permission", "pk": 6, "fields": {"name": "Can change permission", "content_type": 2, "codename": "change_permission"}}, {"model": "auth.permission", "pk": 7, "fields": {"name": "Can delete permission", "content_type": 2, "codename": "delete_permission"}}, {"model": "auth.permission", "pk": 8, "fields": {"name": "Can view permission", "content_type": 2, "codename": "view_permission"}}, {"model": "auth.permission", "pk": 9, "fields": {"name": "Can add group", "content_type": 3, "codename": "add_group"}}, {"model": "auth.permission", "pk": 10, "fields": {"name": "Can change group", "content_type": 3, "codename": "change_group"}}, {"model": "auth.permission", "pk": 11, "fields": {"name": "Can delete group", "content_type": 3, "codename": "delete_group"}}, {"model": "auth.permission", "pk": 12, "fields": {"name": "Can view group", "content_type": 3, "codename": "view_group"}}, {"model": "auth.permission", "pk": 13, "fields": {"name": "Can add content type", "content_type": 4, "codename": "add_contenttype"}}, {"model": "auth.permission", "pk": 14, "fields": {"name": "Can change content type", "content_type": 4, "codename": "change_contenttype"}}, {"model": "auth.permission", "pk": 15, "fields": {"name": "Can delete content type", "content_type": 4, "codename": "delete_contenttype"}}, {"model": "auth.permission", "pk": 16, "fields": {"name": "Can view content type", "content_type": 4, "codename": "view_contenttype"}}, {"model": "auth.permission", "pk": 17, "fields": {"name": "Can add session", "content_type": 5, "codename": "add_session"}}, {"model": "auth.permission", "pk": 18, "fields": {"name": "Can change session", "content_type": 5, "codename": "change_session"}}, {"model": "auth.permission", "pk": 19, "fields": {"name": "Can delete session", "content_type": 5, "codename": "delete_session"}}, {"model": "auth.permission", "pk": 20, "fields": {"name": "Can view session", "content_type": 5, "codename": "view_session"}}, {"model": "auth.permission", "pk": 21, "fields": {"name": "Can add user", "content_type": 6, "codename": "add_user"}}, {"model": "auth.permission", "pk": 22, "fields": {"name": "Can change user", "content_type": 6, "codename": "change_user"}}, {"model": "auth.permission", "pk": 23, "fields": {"name": "Can delete user", "content_type": 6, "codename": "delete_user"}}, {"model": "auth.permission", "pk": 24, "fields": {"name": "Can view user", "content_type": 6, "codename": "view_user"}}, {"model": "auth.permission", "pk": 25, "fields": {"name": "Can add content", "content_type": 7, "codename": "add_content"}}, {"model": "auth.permission", "pk": 26, "fields": {"name": "Can change content", "content_type": 7, "codename": "change_content"}}, {"model": "auth.permission", "pk": 27, "fields": {"name": "Can delete content", "content_type": 7, "codename": "delete_content"}}, {"model": "auth.permission", "pk": 28, "fields": {"name": "Can view content", "content_type": 7, "codename": "view_content"}}, {"model": "auth.permission", "pk": 29, "fields": {"name": "Can add genre", "content_type": 8, "codename": "add_genre"}}, {"model": "auth.permission", "pk": 30, "fields": {"name": "Can change genre", "content_type": 8, "codename": "change_genre"}}, {"model": "auth.permission", "pk": 31, "fields": {"name": "Can delete genre", "content_type": 8, "codename": "delete_genre"}}, {"model": "auth.permission", "pk": 32, "fields": {"name": "Can view genre", "content_type": 8, "codename": "view_genre"}}, {"model": "auth.permission", "pk": 33, "fields": {"name": "Can add content view", "content_type": 9, "codename": "add_contentview"}}, {"model": "auth.permission", "pk": 34, "fields": {"name": "Can change content view", "content_type": 9, "codename": "change_contentview"}}, {"model": "auth.permission", "pk": 35, "fields": {"name": "Can delete content view", "content_type": 9, "codename": "delete_contentview"}}, {"model": "auth.permission", "pk": 36, "fields": {"name": "Can view content view", "content_type": 9, "codename": "view_contentview"}}, {"model": "auth.permission", "pk": 37, "fields": {"name": "Can add comment", "content_type": 10, "codename": "add_comment"}}, {"model": "auth.permission", "pk": 38, "fields": {"name": "Can change comment", "content_type": 10, "codename": "change_comment"}}, {"model": "auth.permission", "pk": 39, "fields": {"name": "Can delete comment", "content_type": 10, "codename": "delete_comment"}}, {"model": "auth.permission", "pk": 40, "fields": {"name": "Can view comment", "content_type": 10, "codename": "view_comment"}}, {"model": "auth.permission", "pk": 41, "fields": {"name": "Can add like", "content_type": 11, "codename": "add_like"}}, {"model": "auth.permission", "pk": 42, "fields": {"name": "Can change like", "content_type": 11, "codename": "change_like"}}, {"model": "auth.permission", "pk": 43, "fields": {"name": "Can delete like", "content_type": 11, "codename": "delete_like"}}, {"model": "auth.permission", "pk": 44, "fields": {"name": "Can view like", "content_type": 11, "codename": "view_like"}}, {"model": "auth.permission", "pk": 45, "fields": {"name": "Can add plan", "content_type": 12, "codename": "add_plan"}}, {"model": "auth.permission", "pk": 46, "fields": {"name": "Can change plan", "content_type": 12, "codename": "change_plan"}}, {"model": "auth.permission", "pk": 47, "fields": {"name": "Can delete plan", "content_type": 12, "codename": "delete_plan"}}, {"model": "auth.permission", "pk": 48, "fields": {"name": "Can view plan", "content_type": 12, "codename": "view_plan"}}, {"model": "auth.permission", "pk": 49, "fields": {"name": "Can add subscription", "content_type": 13, "codename": "add_subscription"}}, {"model": "auth.permission", "pk": 50, "fields": {"name": "Can change subscription", "content_type": 13, "codename": "change_subscription"}}, {"model": "auth.permission", "pk": 51, "fields": {"name": "Can delete subscription", "content_type": 13, "codename": "delete_subscription"}}, {"model": "auth.permission", "pk": 52, "fields": {"name": "Can view subscription", "content_type": 13, "codename": "view_subscription"}}, {"model": "auth.permission", "pk": 53, "fields": {"name": "Can add payment", "content_type": 14, "codename": "add_payment"}}, {"model": "auth.permission", "pk": 54, "fields": {"name": "Can change payment", "content_type": 14, "codename": "change_payment"}}, {"model": "auth.permission", "pk": 55, "fields": {"name": "Can delete payment", "content_type": 14, "codename": "delete_payment"}}, {"model": "auth.permission", "pk": 56, "fields": {"name": "Can view payment", "content_type": 14, "codename": "view_payment"}}, {"model": "auth.permission", "pk": 57, "fields": {"name": "Can add playlist", "content_type": 15, "codename": "add_playlist"}}, {"model": "auth.permission", "pk": 58, "fields": {"name": "Can change playlist", "content_type": 15, "codename": "change_playlist"}}, {"model": "auth.permission", "pk": 59, "fields": {"name": "Can delete playlist", "content_type": 15, "codename": "delete_playlist"}}, {"model": "auth.permission", "pk": 60, "fields": {"name": "Can view playlist", "content_type": 15, "codename": "view_playlist"}}, {"model": "auth.permission", "pk": 61, "fields": {"name": "Can add watchlist", "content_type": 16, "codename": "add_watchlist"}}, {"model": "auth.permission", "pk": 62, "fields": {"name": "Can change watchlist", "content_type": 16, "codename": "change_watchlist"}}, {"model": "auth.permission", "pk": 63, "fields": {"name": "Can delete watchlist", "content_type": 16, "codename": "delete_watchlist"}}, {"model": "auth.permission", "pk": 64, "fields": {"name": "Can view watchlist", "content_type": 16, "codename": "view_watchlist"}}, {"model": "auth.permission", "pk": 65, "fields": {"name": "Can add playlist item", "content_type": 17, "codename": "add_playlistitem"}}, {"model": "auth.permission", "pk": 66, "fields": {"name": "Can change playlist item", "content_type": 17, "codename": "change_playlistitem"}}, {"model": "auth.permission", "pk": 67, "fields": {"name": "Can delete playlist item", "content_type": 17, "codename": "delete_playlistitem"}}, {"model": "auth.permission", "pk": 68, "fields": {"name": "Can view playlist item", "content_type": 17, "codename": "view_playlistitem"}}, {"model": "auth.permission", "pk": 69, "fields": {"name": "Can add otp", "content_type": 18, "codename": "add_otp"}}, {"model": "auth.permission", "pk": 70, "fields": {"name": "Can change otp", "content_type": 18, "codename": "change_otp"}}, {"model": "auth.permission", "pk": 71, "fields": {"name": "Can delete otp", "content_type": 18, "codename": "delete_otp"}}, {"model": "auth.permission", "pk": 72, "fields": {"name": "Can view otp", "content_type": 18, "codename": "view_otp"}}, {"model": "contenttypes.contenttype", "pk": 1, "fields": {"app_label": "admin", "model": "logentry"}}, {"model": "contenttypes.contenttype", "pk": 2, "fields": {"app_label": "auth", "model": "permission"}}, {"model": "contenttypes.contenttype", "pk": 3, "fields": {"app_label": "auth", "model": "group"}}, {"model": "contenttypes.contenttype", "pk": 4, "fields": {"app_label": "contenttypes", "model": "contenttype"}}, {"model": "contenttypes.contenttype", "pk": 5, "fields": {"app_label": "sessions", "model": "session"}}, {"model": "contenttypes.contenttype", "pk": 6, "fields": {"app_label": "users", "model": "user"}}, {"model": "contenttypes.contenttype", "pk": 7, "fields": {"app_label": "content", "model": "content"}}, {"model": "contenttypes.contenttype", "pk": 8, "fields": {"app_label": "content", "model": "genre"}}, {"model": "contenttypes.contenttype", "pk": 9, "fields": {"app_label": "content", "model": "contentview"}}, {"model": "contenttypes.contenttype", "pk": 10, "fields": {"app_label": "content", "model": "comment"}}, {"model": "contenttypes.contenttype", "pk": 11, "fields": {"app_label": "content", "model": "like"}}, {"model": "contenttypes.contenttype", "pk": 12, "fields": {"app_label": "subscriptions", "model": "plan"}}, {"model": "contenttypes.contenttype", "pk": 13, "fields": {"app_label": "subscriptions", "model": "subscription"}}, {"model": "contenttypes.contenttype", "pk": 14, "fields": {"app_label": "payments", "model": "payment"}}, {"model": "contenttypes.contenttype", "pk": 15, "fields": {"app_label": "playlists", "model": "playlist"}}, {"model": "contenttypes.contenttype", "pk": 16, "fields": {"app_label": "playlists", "model": "watchlist"}}, {"model": "contenttypes.contenttype", "pk": 17, "fields": {"app_label": "playlists", "model": "playlistitem"}}, {"model": "contenttypes.contenttype", "pk": 18, "fields": {"app_label": "accounts", "model": "otp"}}, {"model": "sessions.session", "pk": "4hz1lhc9igee62hmyn1qp1fefobs00zm", "fields": {"session_data": "eyJvdHBfdXNlcl9pZCI6M30:1vtJCH:IhQhBB0FW1BRVuGR9cqbtvsUQ-3YHINyHkWkl1SKJRs", "expire_date": "2026-03-06T05:37:01.099Z"}}, {"model": "sessions.session", "pk": "7gekropah174cczu4yxzl8jhksepdx6i", "fields": {"session_data": ".eJxVjEEOwiAQRe_C2hAGSgsu3fcMZJihUjWQlHZlvLtt0oVu_3vvv0XAbc1ha2kJM4ursOLyu0WkZyoH4AeWe5VUy7rMUR6KPGmTY-X0up3u30HGlvd6MMpNFjsHnnFiA11MzICgBkKinpS1iaLzJirokRF2aC1qr8hr7cXnC_nEOEU:1vtLDO:U35S-07Sw59r3qD3s2Nb2CZ7XgtjzwaJXomk-TP0pqk", "expire_date": "2026-03-06T07:46:18.414Z"}}, {"model": "sessions.session", "pk": "9mjdt9vyevc5pwkk2f1mkkebbibx1pba", "fields": {"session_data": ".eJxVjMsOwiAQRf-FtSE8ymNcuvcbCMOAVA0kpV0Z_12bdKHbe865LxbittawjbyEmdiZSXb63TCmR247oHtst85Tb-syI98VftDBr53y83K4fwc1jvqthZMSSdmkEBOK4m32XjqZjUAwfrKlFNJWaHIIqoAwkJOclCgaCKxm7w_ecjd-:1vtM94:370pCHU70sRqL8pz6xrhmGVUJDuazN7v6mtjRy_JU-8", "expire_date": "2026-03-06T08:45:54.132Z"}}, {"model": "sessions.session", "pk": "g9dh2l1rmukogqjt4m5clcf70qd947of", "fields": {"session_data": ".eJxVjMsOwiAQRf-FtSE8ymNcuvcbCMOAVA0kpV0Z_12bdKHbe865LxbittawjbyEmdiZSXb63TCmR247oHtst85Tb-syI98VftDBr53y83K4fwc1jvqthZMSSdmkEBOK4m32XjqZjUAwfrKlFNJWaHIIqoAwkJOclCgaCKxm7w_ecjd-:1vtL6P:x-NuRJQWBamFwLxDvWb6tBH8eWuzdxFptUpZ85RbTEU", "expire_date": "2026-03-06T07:39:05.106Z"}}, {"model": "sessions.session", "pk": "k48bgv663ffjypvv25umz23wuz5nijim", "fields": {"session_data": "eyJvdHBfdXNlcl9pZCI6M30:1vtLaf:QS_-mTzffT_87aI_Pxv31VOOSWb9eUgOpWWB7M4yKS4", "expire_date": "2026-03-06T08:10:21.599Z"}}, {"model": "sessions.session", "pk": "zj6npar2pfyl9jysdxuqevewie2qgnl9", "fields": {"session_data": ".eJxVjMsOwiAQRf-FtSE8ymNcuvcbCMOAVA0kpV0Z_12bdKHbe865LxbittawjbyEmdiZSXb63TCmR247oHtst85Tb-syI98VftDBr53y83K4fwc1jvqthZMSSdmkEBOK4m32XjqZjUAwfrKlFNJWaHIIqoAwkJOclCgaCKxm7w_ecjd-:1vtL40:fKHX_xxO8nTQerzbATrUPD3uJ2sxUPfBiSdLq7iuhg0", "expire_date": "2026-03-06T07:36:36.309Z"}}, {"model": "users.user", "pk": 1, "fields": {"password": "pbkdf2_sha256$600000$vQPJKHWemmE4Cm0lgnFVK7$X+2fLuaRaPXiblxFlP2aeX06GzEvyFe0fI1cra2mUto=", "last_login": "2026-02-20T08:45:54.123Z", "is_superuser": true, "name": "Dheeraj", "email": "dheerajnalluri2@gmail.com", "role": "admin", "profile_picture": "", "bio": "", "date_joined": "2026-02-19T07:38:48.669Z", "is_active": true, "is_staff": true, "groups": [], "user_permissions": []}}, {"model": "users.user", "pk": 2, "fields": {"password": "pbkdf2_sha256$600000$GCQDZFGWht3hAjdtdkVRtE$hw1lieYVhwgb357g+BDTlKa2CARaabTq97sKxa+TqWU=", "last_login": "2026-02-19T08:46:16.828Z", "is_superuser": false, "name": "Dheeraj", "email": "dheerajnalluri22@gmail.com", "role": "user", "profile_picture": "", "bio": "", "date_joined": "2026-02-19T08:46:16.474Z", "is_active": true, "is_staff": false, "groups": [], "user_permissions": []}}, {"model": "users.user", "pk": 3, "fields": {"password": "pbkdf2_sha256$600000$Z8CNuMTBUyi9taIYkMeM6s$kUgwK1MUnGznByqPM5dZAPcHF+lZiKy5wf6CLi0YZEE=", "last_login": "2026-02-20T05:54:54.327Z", "is_superuser": false, "name": "dheeraj_creator", "email": "subwaysurfersxyz@gmail.com", "role": "creator", "profile_picture": "", "bio": "", "date_joined": "2026-02-19T09:45:41.756Z", "is_active": true, "is_staff": false, "groups": [], "user_permissions": []}}, {"model": "users.user", "pk": 4, "fields": {"password": "pbkdf2_sha256$600000$E5oRzBbPrztvFdadTkgG6n$OM4oI200/EqQU/nCYomGcR6ThqY8LEWUhK1MkEkdrco=", "last_login": "2026-02-20T05:41:12.036Z", "is_superuser": false, "name": "Revanth", "email": "revanthkunala@gmail.com", "role": "user", "profile_picture": "", "bio": "", "date_joined": "2026-02-20T05:39:48.631Z", "is_active": true, "is_staff": false, "groups": [], "user_permissions": []}}, {"model": "users.user", "pk": 5, "fields": {"password": "pbkdf2_sha256$600000$2gCnR3TfyDAeGCR2M5Bz08$xg2AXeWlBk5t9GiOZ/Mt0fVDmZ0ezn2B2jsQlC/oEW8=", "last_login": "2026-02-20T07:46:18.408Z", "is_superuser": false, "name": "Gowtham", "email": "gowthamnagabushi@gmail.com", "role": "creator", "profile_picture": "", "bio": "", "date_joined": "2026-02-20T05:43:44.741Z", "is_active": true, "is_staff": false, "groups": [], "user_permissions": []}}, {"model": "users.user", "pk": 6, "fields": {"password": "pbkdf2_sha256$600000$VwbrOljUZPa3mBse2HkBb6$r0LGEyZpyz1mO4dC+ANfLVqBKSr/rkI/hSIMzAbaDYk=", "last_login": "2026-02-20T07:36:02.388Z", "is_superuser": false, "name": "Yashwanth", "email": "yashwanthreddy1154@gmail.com", "role": "user", "profile_picture": "", "bio": "", "date_joined": "2026-02-20T07:35:27.402Z", "is_active": true, "is_staff": false, "groups": [], "user_permissions": []}}, {"model": "content.genre", "pk": 1, "fields": {"name": "Pop", "slug": "pop", "description": "Popular music"}}, {"model": "content.genre", "pk": 2, "fields": {"name": "Rock", "slug": "rock", "description": "Rock music"}}, {"model": "content.genre", "pk": 3, "fields": {"name": "Hip Hop", "slug": "hip-hop", "description": "Hip hop and rap"}}, {"model": "content.genre", "pk": 4, "fields": {"name": "Electronic", "slug": "electronic", "description": "Electronic and EDM"}}, {"model": "content.genre", "pk": 5, "fields": {"name": "Jazz", "slug": "jazz", "description": "Jazz music"}}, {"model": "content.genre", "pk": 6, "fields": {"name": "Classical", "slug": "classical", "description": "Classical music"}}, {"model": "content.genre", "pk": 7, "fields": {"name": "R&B", "slug": "rnb", "description": "R&B and Soul"}}, {"model": "content.genre", "pk": 8, "fields": {"name": "Country", "slug": "country", "description": "Country music"}}, {"model": "content.genre", "pk": 9, "fields": {"name": "Documentary", "slug": "documentary", "description": "Documentaries"}}, {"model": "content.genre", "pk": 10, "fields": {"name": "Comedy", "slug": "comedy", "description": "Comedy videos"}}, {"model": "content.content", "pk": 1, "fields": {"title": "ABC", "description": "qazxwedcvfqazxwedcvfrfgbndadrwsxacdrstfqgcqazxwedcvfrfgbndadrwsxacdrstfqgcqazxwedcvfrfgbndadrwsxacdrstfqgcqazxwedcvfrfgbndadrwsxacdrstfqgcqazxwedcvfrfgbndadrwsxacdrstfqgcqazxwedcvfrfgbndadrwsxacdrstfqgcqazxwedcvfrfgbndadrwsxacdrstfqgcrfgbndadrwsxacdrstfqgc", "content_type": "video", "file_path": "content/Screen_Recording_2025-12-19_232904_lGhca3X.mp4", "thumbnail": "thumbnails/Screenshot_2025-12-20_021103.png", "duration": 66, "uploaded_by": 5, "artist_name": "Dheeraj", "album": "", "is_published": true, "is_premium": false, "view_count": 14, "uploaded_at": "2026-02-20T05:46:03.064Z", "updated_at": "2026-02-20T05:46:03.367Z", "genre": []}}, {"model": "content.content", "pk": 2, "fields": {"title": "OMG", "description": "vhg vh", "content_type": "video", "file_path": "content/Screen_Recording_2025-12-20_015222.mp4", "thumbnail": "", "duration": 87, "uploaded_by": 3, "artist_name": "Dheeraj", "album": "", "is_published": true, "is_premium": false, "view_count": 0, "uploaded_at": "2026-02-20T05:55:44.595Z", "updated_at": "2026-02-20T05:55:44.718Z", "genre": []}}, {"model": "content.content", "pk": 3, "fields": {"title": "OMG", "description": "vhg vh", "content_type": "video", "file_path": "content/Screen_Recording_2025-12-20_015222_EHnSe5I.mp4", "thumbnail": "", "duration": 87, "uploaded_by": 3, "artist_name": "Dheeraj", "album": "", "is_published": true, "is_premium": false, "view_count": 19, "uploaded_at": "2026-02-20T06:01:56.189Z", "updated_at": "2026-02-20T06:01:56.323Z", "genre": []}}, {"model": "content.content", "pk": 4, "fields": {"title": "Yama Yamma", "description": "xffgxtfgrxsertzrextxtesxerzrzerazeazewsazer", "content_type": "music", "file_path": "content/Yama_Yamma_EeoDEmX.mp3", "thumbnail": "thumbnails/vishwak-sen-Funky-naa-songs-2026_1ogu7WV.jpg", "duration": 169, "uploaded_by": 3, "artist_name": "Dheeraj", "album": "", "is_published": true, "is_premium": false, "view_count": 3, "uploaded_at": "2026-02-20T07:33:51.253Z", "updated_at": "2026-02-20T07:33:51.937Z", "genre": [2, 8]}}, {"model": "content.content", "pk": 5, "fields": {"title": "eww", "description": "wdccdaswwcfascfaswcfascasacf", "content_type": "music", "file_path": "content/WhatsApp_Audio_2026-02-20_at_1.17.26_PM.mpeg", "thumbnail": "", "duration": 237, "uploaded_by": 5, "artist_name": "Dheeraj", "album": "", "is_published": true, "is_premium": false, "view_count": 3, "uploaded_at": "2026-02-20T07:49:17.685Z", "updated_at": "2026-02-20T07:49:17.738Z", "genre": []}}, {"model": "content.like", "pk": 27, "fields": {"user": 3, "content": 3, "created_at": "2026-02-20T06:11:46.608Z"}}, {"model": "content.like", "pk": 28, "fields": {"user": 3, "content": 1, "created_at": "2026-02-20T06:24:59.429Z"}}, {"model": "content.contentview", "pk": 1, "fields": {"user": 1, "content": 1, "ip_address": "127.0.0.1", "watched_at": "2026-02-20T05:52:10.065Z"}}, {"model": "content.contentview", "pk": 2, "fields": {"user": 3, "content": 1, "ip_address": "127.0.0.1", "watched_at": "2026-02-20T05:55:04.708Z"}}, {"model": "content.contentview", "pk": 3, "fields": {"user": 3, "content": 1, "ip_address": "127.0.0.1", "watched_at": "2026-02-20T05:55:09.161Z"}}, {"model": "content.contentview", "pk": 4, "fields": {"user": 3, "content": 3, "ip_address": "127.0.0.1", "watched_at": "2026-02-20T06:01:56.354Z"}}, {"model": "content.contentview", "pk": 5, "fields": {"user": 3, "content": 3, "ip_address": "127.0.0.1", "watched_at": "2026-02-20T06:02:06.080Z"}}, {"model": "content.contentview", "pk": 6, "fields": {"user": 3, "content": 3, "ip_address": "127.0.0.1", "watched_at": "2026-02-20T06:02:25.744Z"}}, {"model": "content.contentview", "pk": 7, "fields": {"user": 3, "content": 3, "ip_address": "127.0.0.1", "watched_at": "2026-02-20T06:02:30.443Z"}}, {"model": "content.contentview", "pk": 8, "fields": {"user": 3, "content": 3, "ip_address": "127.0.0.1", "watched_at": "2026-02-20T06:10:11.472Z"}}, {"model": "content.contentview", "pk": 9, "fields": {"user": 3, "content": 3, "ip_address": "127.0.0.1", "watched_at": "2026-02-20T06:18:00.918Z"}}, {"model": "content.contentview", "pk": 10, "fields": {"user": 3, "content": 3, "ip_address": "127.0.0.1", "watched_at": "2026-02-20T06:18:06.526Z"}}, {"model": "content.contentview", "pk": 11, "fields": {"user": 3, "content": 3, "ip_address": "127.0.0.1", "watched_at": "2026-02-20T06:18:08.022Z"}}, {"model": "content.contentview", "pk": 12, "fields": {"user": 3, "content": 3, "ip_address": "127.0.0.1", "watched_at": "2026-02-20T06:18:09.043Z"}}, {"model": "content.contentview", "pk": 13, "fields": {"user": 3, "content": 3, "ip_address": "127.0.0.1", "watched_at": "2026-02-20T06:18:09.261Z"}}, {"model": "content.contentview", "pk": 14, "fields": {"user": 3, "content": 1, "ip_address": "127.0.0.1", "watched_at": "2026-02-20T06:21:38.686Z"}}, {"model": "content.contentview", "pk": 15, "fields": {"user": 3, "content": 1, "ip_address": "127.0.0.1", "watched_at": "2026-02-20T06:21:47.599Z"}}, {"model": "content.contentview", "pk": 16, "fields": {"user": 3, "content": 1, "ip_address": "127.0.0.1", "watched_at": "2026-02-20T06:24:15.646Z"}}, {"model": "content.contentview", "pk": 17, "fields": {"user": 3, "content": 1, "ip_address": "127.0.0.1", "watched_at": "2026-02-20T06:24:23.336Z"}}, {"model": "content.contentview", "pk": 18, "fields": {"user": 3, "content": 1, "ip_address": "127.0.0.1", "watched_at": "2026-02-20T06:24:27.185Z"}}, {"model": "content.contentview", "pk": 19, "fields": {"user": 3, "content": 1, "ip_address": "127.0.0.1", "watched_at": "2026-02-20T06:25:43.949Z"}}, {"model": "content.contentview", "pk": 20, "fields": {"user": 3, "content": 1, "ip_address": "127.0.0.1", "watched_at": "2026-02-20T06:25:49.848Z"}}, {"model": "content.contentview", "pk": 21, "fields": {"user": 3, "content": 3, "ip_address": "127.0.0.1", "watched_at": "2026-02-20T06:25:59.574Z"}}, {"model": "content.contentview", "pk": 22, "fields": {"user": 3, "content": 1, "ip_address": "127.0.0.1", "watched_at": "2026-02-20T06:26:04.903Z"}}, {"model": "content.contentview", "pk": 23, "fields": {"user": 3, "content": 1, "ip_address": "127.0.0.1", "watched_at": "2026-02-20T06:26:08.231Z"}}, {"model": "content.contentview", "pk": 24, "fields": {"user": 3, "content": 1, "ip_address": "127.0.0.1", "watched_at": "2026-02-20T07:32:02.553Z"}}, {"model": "content.contentview", "pk": 25, "fields": {"user": 3, "content": 4, "ip_address": "127.0.0.1", "watched_at": "2026-02-20T07:33:52.143Z"}}, {"model": "content.contentview", "pk": 26, "fields": {"user": 3, "content": 4, "ip_address": "127.0.0.1", "watched_at": "2026-02-20T07:34:41.701Z"}}, {"model": "content.contentview", "pk": 27, "fields": {"user": 5, "content": 5, "ip_address": "127.0.0.1", "watched_at": "2026-02-20T07:49:17.774Z"}}, {"model": "content.contentview", "pk": 28, "fields": {"user": 5, "content": 5, "ip_address": "127.0.0.1", "watched_at": "2026-02-20T07:56:51.594Z"}}, {"model": "content.contentview", "pk": 29, "fields": {"user": 5, "content": 3, "ip_address": "127.0.0.1", "watched_at": "2026-02-20T07:57:06.961Z"}}, {"model": "content.contentview", "pk": 30, "fields": {"user": 5, "content": 3, "ip_address": "127.0.0.1", "watched_at": "2026-02-20T08:04:11.708Z"}}, {"model": "content.contentview", "pk": 31, "fields": {"user": 5, "content": 3, "ip_address": "127.0.0.1", "watched_at": "2026-02-20T08:04:25.059Z"}}, {"model": "content.contentview", "pk": 32, "fields": {"user": 5, "content": 3, "ip_address": "127.0.0.1", "watched_at": "2026-02-20T08:05:43.619Z"}}, {"model": "content.contentview", "pk": 33, "fields": {"user": 5, "content": 3, "ip_address": "127.0.0.1", "watched_at": "2026-02-20T08:05:47.423Z"}}, {"model": "content.contentview", "pk": 34, "fields": {"user": 5, "content": 3, "ip_address": "127.0.0.1", "watched_at": "2026-02-20T08:15:48.928Z"}}, {"model": "content.contentview", "pk": 35, "fields": {"user": 5, "content": 3, "ip_address": "127.0.0.1", "watched_at": "2026-02-20T08:23:30.708Z"}}, {"model": "content.contentview", "pk": 36, "fields": {"user": null, "content": 3, "ip_address": "127.0.0.1", "watched_at": "2026-02-20T08:24:09.130Z"}}, {"model": "content.contentview", "pk": 37, "fields": {"user": 5, "content": 1, "ip_address": "127.0.0.1", "watched_at": "2026-02-20T08:39:53.136Z"}}, {"model": "content.contentview", "pk": 38, "fields": {"user": 5, "content": 5, "ip_address": "127.0.0.1", "watched_at": "2026-02-20T08:41:24.550Z"}}, {"model": "content.contentview", "pk": 39, "fields": {"user": 5, "content": 4, "ip_address": "127.0.0.1", "watched_at": "2026-02-20T08:42:07.555Z"}}, {"model": "subscriptions.plan", "pk": 1, "fields": {"name": "Monthly Premium", "slug": "monthly-premium", "description": "Full access to all premium content, ad-free experience", "price": "29.00", "duration_days": 30, "features": ["Unlimited streaming", "All premium content", "No ads", "HD quality", "Download for offline"], "is_active": true}}, {"model": "subscriptions.plan", "pk": 2, "fields": {"name": "Annual Premium", "slug": "annual-premium", "description": "Best value! Full premium access for a full year", "price": "269.00", "duration_days": 365, "features": ["Everything in Quarterly", "Save 25%", "Priority support", "Early access to features", "Family sharing"], "is_active": true}}, {"model": "subscriptions.plan", "pk": 3, "fields": {"name": "Quarterly Premium", "slug": "quarterly-premium", "description": "", "price": "79.00", "duration_days": 90, "features": ["Everything in Monthly", "Priority support", "Family sharing"], "is_active": true}}, {"model": "subscriptions.subscription", "pk": 1, "fields": {"user": 2, "plan": 1, "status": "cancelled", "start_date": "2026-02-19", "end_date": "2026-03-21", "auto_renew": false, "created_at": "2026-02-19T09:08:38.146Z"}}, {"model": "subscriptions.subscription", "pk": 2, "fields": {"user": 2, "plan": 2, "status": "cancelled", "start_date": "2026-02-19", "end_date": "2027-02-19", "auto_renew": false, "created_at": "2026-02-19T09:14:35.479Z"}}, {"model": "subscriptions.subscription", "pk": 3, "fields": {"user": 6, "plan": 1, "status": "active", "start_date": "2026-02-20", "end_date": "2026-03-22", "auto_renew": true, "created_at": "2026-02-20T07:37:55.512Z"}}, {"model": "subscriptions.subscription", "pk": 4, "fields": {"user": 6, "plan": 2, "status": "cancelled", "start_date": "2026-02-20", "end_date": "2027-02-20", "auto_renew": false, "created_at": "2026-02-20T07:38:15.474Z"}}, {"model": "payments.payment", "pk": 1, "fields": {"user": 2, "subscription": 1, "amount": "9.99", "currency": "USD", "status": "completed", "payment_method": "stripe", "transaction_id": "", "stripe_payment_intent": "", "payment_date": "2026-02-19T09:08:38.154Z", "notes": ""}}, {"model": "payments.payment", "pk": 2, "fields": {"user": 2, "subscription": 2, "amount": "89.99", "currency": "USD", "status": "completed", "payment_method": "stripe", "transaction_id": "", "stripe_payment_intent": "", "payment_date": "2026-02-19T09:14:35.486Z", "notes": ""}}, {"model": "payments.payment", "pk": 3, "fields": {"user": 6, "subscription": 3, "amount": "9.99", "currency": "USD", "status": "completed", "payment_method": "stripe", "transaction_id": "", "stripe_payment_intent": "", "payment_date": "2026-02-20T07:37:55.521Z", "notes": ""}}, {"model": "payments.payment", "pk": 4, "fields": {"user": 6, "subscription": 4, "amount": "89.99", "currency": "USD", "status": "completed", "payment_method": "stripe", "transaction_id": "", "stripe_payment_intent": "", "payment_date": "2026-02-20T07:38:15.480Z", "notes": ""}}, {"model": "playlists.watchlist", "pk": 2, "fields": {"user": 3, "content": 3, "added_at": "2026-02-20T06:02:06.047Z"}}, {"model": "playlists.watchlist", "pk": 3, "fields": {"user": 3, "content": 4, "added_at": "2026-02-20T07:34:41.672Z"}}, {"model": "accounts.otp", "pk": 1, "fields": {"user": 3, "code": "805374", "created_at": "2026-02-20T05:34:34.542Z", "is_used": true}}, {"model": "accounts.otp", "pk": 2, "fields": {"user": 3, "code": "558218", "created_at": "2026-02-20T05:35:30.388Z", "is_used": true}}, {"model": "accounts.otp", "pk": 3, "fields": {"user": 3, "code": "670199", "created_at": "2026-02-20T05:37:24.099Z", "is_used": true}}, {"model": "accounts.otp", "pk": 4, "fields": {"user": 4, "code": "113751", "created_at": "2026-02-20T05:39:48.998Z", "is_used": true}}, {"model": "accounts.otp", "pk": 5, "fields": {"user": 4, "code": "724920", "created_at": "2026-02-20T05:40:54.024Z", "is_used": true}}, {"model": "accounts.otp", "pk": 6, "fields": {"user": 5, "code": "404283", "created_at": "2026-02-20T05:43:45.068Z", "is_used": true}}, {"model": "accounts.otp", "pk": 7, "fields": {"user": 3, "code": "400089", "created_at": "2026-02-20T05:54:21.352Z", "is_used": true}}, {"model": "accounts.otp", "pk": 8, "fields": {"user": 6, "code": "643524", "created_at": "2026-02-20T07:35:28.248Z", "is_used": true}}, {"model": "accounts.otp", "pk": 9, "fields": {"user": 5, "code": "198482", "created_at": "2026-02-20T07:45:04.097Z", "is_used": true}}, {"model": "accounts.otp", "pk": 10, "fields": {"user": 3, "code": "202499", "created_at": "2026-02-20T08:10:18.054Z", "is_used": false}}]