[{"model": "sessions.session", "pk": "o0tdvq98d73t0ocv4cm4mbu5qdu0cx0g", "fields": {"session_data": ".eJxVjMsOwiAQRf-FtSE8ymNcuvcbCMOAVA0kpV0Z_12bdKHbe865LxbittawjbyEmdiZSXb63TCmR247oHtst85Tb-syI98VftDBr53y83K4fwc1jvqthZMSSdmkEBOK4m32XjqZjUAwfrKlFNJWaHIIqoAwkJOclCgaCKxm7w_ecjd-:1vukTX:xWL190Qgkns33XEAGCz1ZNifG74Kaqnt4KpKEZnBRRY", "expire_date": "2026-03-10T04:56:47.626Z"}}, {"model": "sessions.session", "pk": "s7l4z2pkaunm4p0ypenr2pfe0ivneciw", "fields": {"session_data": ".eJxVjMsOwiAQRf-FtSE8ymNcuvcbCMOAVA0kpV0Z_12bdKHbe865LxbittawjbyEmdiZSXb63TCmR247oHtst85Tb-syI98VftDBr53y83K4fwc1jvqthZMSSdmkEBOK4m32XjqZjUAwfrKlFNJWaHIIqoAwkJOclCgaCKxm7w_ecjd-:1vuOPK:rj61sXmTpdjhC64yJwHq2EY2eCNzmoNJ7qDDToKug58", "expire_date": "2026-03-09T05:22:58.224Z"}}, {"model": "users.user", "pk": 1, "fields": {"password": "pbkdf2_sha256$600000$vQPJKHWemmE4Cm0lgnFVK7$X+2fLuaRaPXiblxFlP2aeX06GzEvyFe0fI1cra2mUto=", "last_login": "2026-02-24T04:56:47.612Z", "is_superuser": true, "name": "Dheeraj", "email": "dheerajnalluri2@gmail.com", "role": "admin", "profile_picture": "", "bio": "", "date_joined": "2026-02-19T07:38:48.669Z", "is_active": true, "is_staff": true, "groups": [], "user_permissions": []}}, {"model": "users.user", "pk": 2, "fields": {"password": "pbkdf2_sha256$600000$GCQDZFGWht3hAjdtdkVRtE$hw1lieYVhwgb357g+BDTlKa2CARaabTq97sKxa+TqWU=", "last_login": "2026-02-19T08:46:16.828Z", "is_superuser": false, "name": "Dheeraj", "email": "dheerajnalluri22@gmail.com", "role": "user", "profile_picture": "", "bio": "", "date_joined": "2026-02-19T08:46:16.474Z", "is_active": true, "is_staff": false, "groups": [], "user_permissions": []}}, {"model": "users.user", "pk": 3, "fields": {"password": "pbkdf2_sha256$600000$Z8CNuMTBUyi9taIYkMeM6s$kUgwK1MUnGznByqPM5dZAPcHF+lZiKy5wf6CLi0YZEE=", "last_login": "2026-02-23T04:35:01.603Z", "is_superuser": false, "name": "dheeraj_creator", "email": "subwaysurfersxyz@gmail.com", "role": "creator", "profile_picture": "", "bio": "", "date_joined": "2026-02-19T09:45:41.756Z", "is_active": true, "is_staff": false, "groups": [], "user_permissions": []}}, {"model": "users.user", "pk": 4, "fields": {"password": "pbkdf2_sha256$600000$E5oRzBbPrztvFdadTkgG6n$OM4oI200/EqQU/nCYomGcR6ThqY8LEWUhK1MkEkdrco=", "last_login": "2026-02-20T05:41:12.036Z", "is_superuser": false, "name": "Revanth", "email": "revanthkunala@gmail.com", "role": "user", "profile_picture": "", "bio": "", "date_joined": "2026-02-20T05:39:48.631Z", "is_active": true, "is_staff": false, "groups": [], "user_permissions": []}}, {"model": "users.user", "pk": 5, "fields": {"password": "pbkdf2_sha256$600000$2gCnR3TfyDAeGCR2M5Bz08$xg2AXeWlBk5t9GiOZ/Mt0fVDmZ0ezn2B2jsQlC/oEW8=", "last_login": "2026-02-20T07:46:18.408Z", "is_superuser": false, "name": "Gowtham", "email": "gowthamnagabushi@gmail.com", "role": "creator", "profile_picture": "", "bio": "", "date_joined": "2026-02-20T05:43:44.741Z", "is_active": true, "is_staff": false, "groups": [], "user_permissions": []}}, {"model": "users.user", "pk": 6, "fields": {"password": "pbkdf2_sha256$600000$VwbrOljUZPa3mBse2HkBb6$r0LGEyZpyz1mO4dC+ANfLVqBKSr/rkI/hSIMzAbaDYk=", "last_login": "2026-02-20T07:36:02.388Z", "is_superuser": false, "name": "Yashwanth", "email": "yashwanthreddy1154@gmail.com", "role": "user", "profile_picture": "", "bio": "", "date_joined": "2026-02-20T07:35:27.402Z", "is_active": true, "is_staff": false, "groups": [], "user_permissions": []}}, {"model": "content.genre", "pk": 1, "fields": {"name": "Pop", "slug": "pop", "description": "Popular music"}}, {"model": "content.genre", "pk": 2, "fields": {"name": "Rock", "slug": "rock", "description": "Rock music"}}, {"model": "content.genre", "pk": 3, "fields": {"name": "Hip Hop", "slug": "hip-hop", "description": "Hip hop and rap"}}, {"model": "content.genre", "pk": 4, "fields": {"name": "Electronic", "slug": "electronic", "description": "Electronic and EDM"}}, {"model": "content.genre", "pk": 5, "fields": {"name": "Jazz", "slug": "jazz", "description": "Jazz music"}}, {"model": "content.genre", "pk": 6, "fields": {"name": "Classical", "slug": "classical", "description": "Classical music"}}, {"model": "content.genre", "pk": 7, "fields": {"name": "R&B", "slug": "rnb", "description": "R&B and Soul"}}, {"model": "content.genre", "pk": 8, "fields": {"name": "Country", "slug": "country", "description": "Country music"}}, {"model": "content.genre", "pk": 9, "fields": {"name": "Documentary", "slug": "documentary", "description": "Documentaries"}}, {"model": "content.genre", "pk": 10, "fields": {"name": "Comedy", "slug": "comedy", "description": "Comedy videos"}}, {"model": "content.content", "pk": 6, "fields": {"title": "ABCDEF", "description": "", "content_type": "music", "file_path": "video/upload/v1771823901/cwudhcxqvyijoftagdkq.mp3", "thumbnail": "image/upload/v1771823903/rw9dyvblkufsz5oj2goa.avif", "duration": 113, "uploaded_by": 3, "artist_name": "Sampoornesh Babu", "album": "Kobbari Matta", "is_published": true, "is_premium": false, "view_count": 3, "uploaded_at": "2026-02-23T05:18:12.009Z", "updated_at": "2026-02-23T05:18:22.592Z", "genre": [2]}}, {"model": "content.content", "pk": 7, "fields": {"title": "Yama Yamma", "description": "", "content_type": "video", "file_path": "video/upload/v1771824128/esu6azqwjdxnlzplpt1y.mp4", "thumbnail": "image/upload/v1771912440/yxeucmsyyh3gpnhy6yvg.jpg", "duration": 169, "uploaded_by": 3, "artist_name": "Bheem Ceicereleo", "album": "Funky", "is_published": true, "is_premium": false, "view_count": 10, "uploaded_at": "2026-02-23T05:21:55.630Z", "updated_at": "2026-02-24T05:54:01.491Z", "genre": []}}, {"model": "content.content", "pk": 8, "fields": {"title": "ABCDEF", "description": "", "content_type": "video", "file_path": "video/upload/v1771830200/tkbptry5lgbrtfbpmycn.mp3", "thumbnail": "image/upload/v1771830207/cjzsznee8vrjqjd3ohoy.png", "duration": 117, "uploaded_by": 3, "artist_name": "Sampoornesh Babu", "album": "Kobbari Matta", "is_published": true, "is_premium": false, "view_count": 7, "uploaded_at": "2026-02-23T07:03:01.586Z", "updated_at": "2026-02-23T07:03:27.422Z", "genre": [1]}}, {"model": "content.like", "pk": 29, "fields": {"user": 3, "content": 7, "created_at": "2026-02-23T05:22:20.108Z"}}, {"model": "content.contentview", "pk": 43, "fields": {"user": 3, "content": 6, "ip_address": "127.0.0.1", "watched_at": "2026-02-23T05:18:22.638Z"}}, {"model": "content.contentview", "pk": 45, "fields": {"user": 3, "content": 7, "ip_address": "127.0.0.1", "watched_at": "2026-02-23T05:22:09.341Z"}}, {"model": "content.contentview", "pk": 46, "fields": {"user": 1, "content": 7, "ip_address": "127.0.0.1", "watched_at": "2026-02-23T05:23:22.400Z"}}, {"model": "content.contentview", "pk": 47, "fields": {"user": 3, "content": 7, "ip_address": "127.0.0.1", "watched_at": "2026-02-23T05:23:40.395Z"}}, {"model": "content.contentview", "pk": 48, "fields": {"user": 3, "content": 7, "ip_address": "127.0.0.1", "watched_at": "2026-02-23T05:24:10.457Z"}}, {"model": "content.contentview", "pk": 49, "fields": {"user": 3, "content": 7, "ip_address": "127.0.0.1", "watched_at": "2026-02-23T05:24:54.374Z"}}, {"model": "content.contentview", "pk": 50, "fields": {"user": 3, "content": 8, "ip_address": "127.0.0.1", "watched_at": "2026-02-23T07:03:27.459Z"}}, {"model": "content.contentview", "pk": 51, "fields": {"user": 3, "content": 8, "ip_address": "127.0.0.1", "watched_at": "2026-02-24T04:55:01.018Z"}}, {"model": "content.contentview", "pk": 52, "fields": {"user": 3, "content": 7, "ip_address": "127.0.0.1", "watched_at": "2026-02-24T04:55:17.469Z"}}, {"model": "content.contentview", "pk": 53, "fields": {"user": 3, "content": 8, "ip_address": "127.0.0.1", "watched_at": "2026-02-24T04:55:29.273Z"}}, {"model": "content.contentview", "pk": 54, "fields": {"user": 3, "content": 6, "ip_address": "127.0.0.1", "watched_at": "2026-02-24T04:56:03.581Z"}}, {"model": "content.contentview", "pk": 55, "fields": {"user": 3, "content": 6, "ip_address": "127.0.0.1", "watched_at": "2026-02-24T04:56:26.026Z"}}, {"model": "content.contentview", "pk": 56, "fields": {"user": 1, "content": 8, "ip_address": "127.0.0.1", "watched_at": "2026-02-24T05:17:39.891Z"}}, {"model": "content.contentview", "pk": 57, "fields": {"user": 1, "content": 8, "ip_address": "127.0.0.1", "watched_at": "2026-02-24T05:21:06.349Z"}}, {"model": "content.contentview", "pk": 58, "fields": {"user": 1, "content": 8, "ip_address": "127.0.0.1", "watched_at": "2026-02-24T05:28:19.923Z"}}, {"model": "content.contentview", "pk": 59, "fields": {"user": 1, "content": 8, "ip_address": "127.0.0.1", "watched_at": "2026-02-24T05:44:22.045Z"}}, {"model": "content.contentview", "pk": 60, "fields": {"user": 1, "content": 7, "ip_address": "127.0.0.1", "watched_at": "2026-02-24T05:44:29.717Z"}}, {"model": "content.contentview", "pk": 61, "fields": {"user": 1, "content": 7, "ip_address": "127.0.0.1", "watched_at": "2026-02-24T05:47:15.962Z"}}, {"model": "content.contentview", "pk": 62, "fields": {"user": 1, "content": 7, "ip_address": "127.0.0.1", "watched_at": "2026-02-24T05:53:51.961Z"}}, {"model": "content.contentview", "pk": 63, "fields": {"user": 1, "content": 7, "ip_address": "127.0.0.1", "watched_at": "2026-02-24T05:54:01.529Z"}}, {"model": "subscriptions.plan", "pk": 1, "fields": {"name": "Monthly Premium", "slug": "monthly-premium", "description": "Full access to all premium content, ad-free experience", "price": "29.00", "duration_days": 30, "features": ["Unlimited streaming", "All premium content", "No ads", "HD quality", "Download for offline"], "is_active": true}}, {"model": "subscriptions.plan", "pk": 2, "fields": {"name": "Annual Premium", "slug": "annual-premium", "description": "Best value! Full premium access for a full year", "price": "269.00", "duration_days": 365, "features": ["Everything in Quarterly", "Save 25%", "Priority support", "Early access to features", "Family sharing"], "is_active": true}}, {"model": "subscriptions.plan", "pk": 3, "fields": {"name": "Quarterly Premium", "slug": "quarterly-premium", "description": "", "price": "79.00", "duration_days": 90, "features": ["Everything in Monthly", "Priority support", "Family sharing"], "is_active": true}}, {"model": "subscriptions.subscription", "pk": 1, "fields": {"user": 2, "plan": 1, "status": "cancelled", "start_date": "2026-02-19", "end_date": "2026-03-21", "auto_renew": false, "created_at": "2026-02-19T09:08:38.146Z"}}, {"model": "subscriptions.subscription", "pk": 2, "fields": {"user": 2, "plan": 2, "status": "cancelled", "start_date": "2026-02-19", "end_date": "2027-02-19", "auto_renew": false, "created_at": "2026-02-19T09:14:35.479Z"}}, {"model": "subscriptions.subscription", "pk": 3, "fields": {"user": 6, "plan": 1, "status": "active", "start_date": "2026-02-20", "end_date": "2026-03-22", "auto_renew": true, "created_at": "2026-02-20T07:37:55.512Z"}}, {"model": "subscriptions.subscription", "pk": 4, "fields": {"user": 6, "plan": 2, "status": "cancelled", "start_date": "2026-02-20", "end_date": "2027-02-20", "auto_renew": false, "created_at": "2026-02-20T07:38:15.474Z"}}, {"model": "payments.payment", "pk": 1, "fields": {"user": 2, "subscription": 1, "amount": "9.99", "currency": "USD", "status": "completed", "payment_method": "stripe", "transaction_id": "", "stripe_payment_intent": "", "payment_date": "2026-02-19T09:08:38.154Z", "notes": ""}}, {"model": "payments.payment", "pk": 2, "fields": {"user": 2, "subscription": 2, "amount": "89.99", "currency": "USD", "status": "completed", "payment_method": "stripe", "transaction_id": "", "stripe_payment_intent": "", "payment_date": "2026-02-19T09:14:35.486Z", "notes": ""}}, {"model": "payments.payment", "pk": 3, "fields": {"user": 6, "subscription": 3, "amount": "9.99", "currency": "USD", "status": "completed", "payment_method": "stripe", "transaction_id": "", "stripe_payment_intent": "", "payment_date": "2026-02-20T07:37:55.521Z", "notes": ""}}, {"model": "payments.payment", "pk": 4, "fields": {"user": 6, "subscription": 4, "amount": "89.99", "currency": "USD", "status": "completed", "payment_method": "stripe", "transaction_id": "", "stripe_payment_intent": "", "payment_date": "2026-02-20T07:38:15.480Z", "notes": ""}}, {"model": "accounts.otp", "pk": 1, "fields": {"user": 3, "code": "805374", "created_at": "2026-02-20T05:34:34.542Z", "is_used": true}}, {"model": "accounts.otp", "pk": 2, "fields": {"user": 3, "code": "558218", "created_at": "2026-02-20T05:35:30.388Z", "is_used": true}}, {"model": "accounts.otp", "pk": 3, "fields": {"user": 3, "code": "670199", "created_at": "2026-02-20T05:37:24.099Z", "is_used": true}}, {"model": "accounts.otp", "pk": 4, "fields": {"user": 4, "code": "113751", "created_at": "2026-02-20T05:39:48.998Z", "is_used": true}}, {"model": "accounts.otp", "pk": 5, "fields": {"user": 4, "code": "724920", "created_at": "2026-02-20T05:40:54.024Z", "is_used": true}}, {"model": "accounts.otp", "pk": 6, "fields": {"user": 5, "code": "404283", "created_at": "2026-02-20T05:43:45.068Z", "is_used": true}}, {"model": "accounts.otp", "pk": 7, "fields": {"user": 3, "code": "400089", "created_at": "2026-02-20T05:54:21.352Z", "is_used": true}}, {"model": "accounts.otp", "pk": 8, "fields": {"user": 6, "code": "643524", "created_at": "2026-02-20T07:35:28.248Z", "is_used": true}}, {"model": "accounts.otp", "pk": 9, "fields": {"user": 5, "code": "198482", "created_at": "2026-02-20T07:45:04.097Z", "is_used": true}}, {"model": "accounts.otp", "pk": 10, "fields": {"user": 3, "code": "202499", "created_at": "2026-02-20T08:10:18.054Z", "is_used": true}}, {"model": "accounts.otp", "pk": 11, "fields": {"user": 3, "code": "991120", "created_at": "2026-02-23T04:33:47.984Z", "is_used": true}}]